{"cameraMode":{"drawMode":0,"name":"Shaded","section":"Shading Mode"},"sceneLighting":true,"audioPlay":false,"sceneViewState":{"m_AlwaysRefresh":false,"showFog":true,"showSkybox":false,"showFlares":true,"showImageEffects":true,"showParticleSystems":true,"showVisualEffectGraphs":true,"m_FxEnabled":true},"in2DMode":false,"pivot":{"x":-0.02241171896457672,"y":0.0006949007511138916,"z":-0.0246722549200058},"rotation":{"x":0.18126197159290315,"y":-0.43233662843704226,"z":0.08918274194002152,"w":0.8788201808929443},"size":0.12619942426681519,"orthographic":false}